LATITUDE,LONGITUDE,Au_ppm,SAMPLE_TYPE
60.243561663863076,-152.9247297940779,0.012433370803120928,Rock
68.31000028973882,-144.44424381148028,0.01786309482402392,Soil
65.24791518535967,-149.19135284114532,0.012340601987546555,Stream
63.38121877875851,-161.0895737500457,0.007958107268106985,Stream
57.18426096619411,-163.3063500623897,0.015969573692111907,Stream
57.183923284706836,-149.58193732304844,0.011059700689328131,Rock
55.81317057035479,-164.36372854700107,0.012293798136050395,Soil
67.1264660408491,-150.9413860494369,0.009306853148925454,Stream
63.415610164404924,-142.43447420580102,0.024819846110563298,Soil
64.91301608914463,-151.1886197309789,0.07780455304791917,Soil
55.28818292014123,-155.6839217710435,0.0016305722069151522,Stream
68.57873793026792,-149.56108275738353,0.011199090427670285,Stream
66.6541969712059,-154.0019306282036,0.03313209618052901,Soil
57.972747549495864,-151.90519705641756,0.015651572500432556,Stream
57.54554954089941,-142.4048445893634,0.016694580838534024,Stream
57.567663137948074,-155.73353669278143,0.008955275118712422,Stream
59.259391401433525,-141.93142646822605,0.014287166134594959,Rock
62.34659004285133,-143.27158459305446,0.015340417579718131,Soil
61.04723026098962,-160.3010127650569,0.028872022450469107,Soil
59.07720796277259,-163.33532877899603,0.009378537455348565,Rock
63.56594052611331,-162.58132796694176,0.01192145732922058,Soil
56.95291404912859,-164.5626761843628,0.004646527279357775,Stream
59.09002507949305,-162.73336894185772,0.005487611921998113,Soil
60.12906580611168,-148.60783743800744,0.015484195159134165,Stream
61.3849797790385,-163.2914724369545,0.011231772877154668,Rock
65.99246345950219,-157.34458487294972,0.011573301238161767,Stream
57.795432950217034,-144.7229925367331,0.019293654128193876,Soil
62.19928213779056,-164.4414735423402,0.038960152921998364,Soil
63.293803964068594,-145.45275641786554,0.042525592276277654,Soil
55.65030577807997,-158.2354854054384,0.0077463766082473675,Rock
63.505627926620136,-162.16404413708025,0.02494835918728091,Rock
57.38733773162208,-148.2783080312604,0.012653673102753506,Soil
55.91072230179391,-149.90537167728277,0.0030147348139538638,Stream
68.28439752154667,-143.94067167535073,0.007379847743395188,Rock
68.51884846304384,-147.35829494870674,0.004523962907845488,Soil
66.31756287363045,-145.71645767076365,0.01568368832608527,Soil
59.26459276842719,-158.23117025828864,0.013311781760798115,Rock
56.367409596089374,-160.74145094928664,0.032588063514428146,Rock
64.5792623711702,-146.9852459606194,0.030136810805329955,Rock
61.16213491235442,-145.63596625758566,0.016996415354350484,Stream
56.708535287826905,-141.22787659198383,0.020278972209681903,Stream
61.932476741557785,-155.09717575412577,0.003372611876131301,Soil
55.48143929561306,-156.07156594097322,0.014121452092642279,Rock
67.73048562910294,-146.36608894219208,0.037517128176391544,Stream
58.622919742400235,-156.82071503392757,0.004414070846722329,Rock
64.27531198095575,-142.66182418551443,0.04160578256559873,Soil
59.36395506525175,-144.3980939557677,0.022007791951541966,Stream
62.28095229648935,-154.70414334299957,0.014750238999680285,Stream
62.653943910805914,-146.97909437300407,0.03803768774482819,Stream
57.58796237735738,-146.89097102196763,0.10478412508982465,Soil
68.57418478870382,-162.5250271479376,0.009691848764809243,Rock
65.85185952705561,-143.3387302396904,0.02122243037415906,Stream
68.15298518189864,-152.87394306125142,0.014193768397350993,Soil
67.52758290598709,-145.1650208134142,0.009616050344675763,Rock
63.37059970335519,-157.3188095752653,0.03237055236377634,Soil
67.90623929032364,-143.5074425160912,0.008199615705983354,Rock
56.23889502872687,-155.6591597103801,0.013712657114622126,Soil
57.74376007386803,-164.73989636447283,0.0044628493637833295,Rock
55.633182044747535,-143.27083256593767,0.016598060892288196,Stream
59.5546246306857,-162.8091197571328,0.010684744809255822,Rock
60.44148205565275,-157.33647269783003,0.035058670923360735,Soil
58.798886444834544,-142.19851279078068,0.008845918696107478,Soil
66.602325128127,-142.18542847349866,0.012206985242163012,Rock
59.99454657371025,-151.23749068504114,0.009952487998022582,Stream
58.93308313562333,-149.83590690792482,0.014344874380120115,Stream
62.59774516421548,-154.2373074725203,0.028923341778209707,Rock
56.97293914964668,-157.96294147924644,0.021024894171469213,Rock
66.23075773055655,-157.11205091112203,0.00787822082404841,Soil
56.04370901151679,-148.85955705415108,0.031043534562201804,Stream
68.81641711240724,-146.9430112934957,0.05751614200587026,Rock
65.8114267701532,-146.00210295057963,0.029921930444525693,Stream
57.78201954147841,-146.0491645729307,0.074607400590506,Rock
55.07730963973043,-162.81105352683144,0.0036334587822768037,Rock
66.41645999836769,-153.13391268713804,0.008165272998952575,Stream
64.89600281386664,-163.61858975960052,0.001953292933009803,Rock
65.20610035257383,-151.81130682423034,0.07967917752755473,Rock
65.79778485360325,-154.40326796703894,0.035363527885747426,Soil
56.036625124277265,-143.6950996138008,0.011600718297044978,Rock
60.018520199619815,-156.5780396987501,0.020107886159935043,Rock
56.62216683335181,-162.19039160573746,0.003099169827029041,Rock
67.0834479622583,-161.56819963073195,0.06912770962399817,Soil
63.726173775585806,-146.72374483878068,0.025450541438144896,Stream
59.632572347937085,-150.16276648040974,0.023490938362315666,Soil
55.889816904004334,-162.57305577305303,0.012746236045358775,Soil
59.35375250401927,-162.98143665324005,0.011737346990509729,Stream
59.55256650837446,-148.1767408449811,0.02496861024189555,Soil
65.2144864967329,-163.25368784725936,0.004464230797052921,Stream
63.92580459897299,-145.27535857703145,0.03061821622861284,Soil
67.42097839606858,-148.05018654824408,0.0997272966677785,Stream
61.61100895226729,-163.0476292645944,0.024770093973754348,Rock
56.67431944313623,-162.9638948619554,0.025676683454430544,Soil
64.98542702112194,-141.32065011597177,0.009516633928810444,Soil
65.65099068063657,-156.0175009018531,0.008404563806070908,Soil
62.85788076597295,-156.10458847039462,0.01681886912062707,Soil
65.79354051936386,-145.49281038581995,0.021754964850200977,Rock
61.91313834910147,-142.2660341427874,0.03726293811287098,Soil
62.31825961134792,-141.3359744682511,0.0036609086844103084,Rock
60.98557425701969,-146.9189235537854,0.07346008256750534,Rock
55.355867774417334,-155.96976994725802,0.01025214634764775,Rock
56.510479977906265,-162.99598279923194,0.0050518173050729115,Rock
55.44000859961428,-146.34847401774152,0.005968332800047368,Stream
63.909745757692924,-151.59829800634068,0.0065178311673279405,Stream
59.40098373506857,-154.81867177807257,0.03445286103218361,Soil
62.119989676305835,-143.24749475772634,0.01827775129189006,Stream
67.7059306349653,-162.33126042465236,0.003139268025951385,Stream
58.49009120808425,-153.17699749701939,0.006510018844159588,Soil
60.74536092249882,-164.72751252558194,0.005393875972510244,Soil
65.57771593960268,-153.75214459214098,0.08341428944529784,Soil
58.203174316882716,-163.64872138363592,0.005864821154956716,Stream
56.0777187376031,-162.14837000956626,0.002235462825322264,Stream
59.05652034079275,-162.1793700773495,0.007027045644762888,Soil
57.25709802155606,-149.41895274921447,0.014190597482819102,Rock
68.01576713279603,-147.09492289762983,0.0023866840392452325,Soil
66.31368531390184,-150.99914963766815,0.022758876456862993,Rock
63.86765259114593,-141.90785883661098,0.012792937275970579,Rock
67.20044826262804,-156.0031060914311,0.030701626241074045,Soil
66.2514090765876,-158.14290992923534,0.0649437605971107,Soil
57.611980824404505,-144.15362092345296,0.035582257899234145,Soil
67.49582597885968,-159.63369987553313,0.009674784420715652,Stream
62.550791386819114,-141.88265905342533,0.006244311096678501,Rock
66.30416217229687,-164.7082926074444,0.05625980052176224,Stream
67.54527819892891,-141.72290815901667,0.014563990352471296,Stream
59.4520486496061,-163.96416211318618,0.007395813324834572,Soil
56.540726943387476,-143.6125652712463,0.012382918917971315,Stream
58.19109227558718,-152.3351733819288,0.02169377633154216,Soil
60.97950904076759,-141.1688448931368,0.011911387101704429,Rock
66.45220672291491,-163.22888244635044,0.00522791079045712,Soil
67.0502281655888,-151.7074971743683,0.014656104133987224,Stream
55.09732982743667,-141.73673914514163,0.009326189393395128,Stream
62.15046223608592,-152.44565173991643,0.015023873210856922,Soil
60.84375404408291,-149.8944326847537,0.013060945472494317,Soil
58.10950934659022,-148.30203146436918,0.020399684178142048,Stream
56.67811514267156,-154.09101444557345,0.012148459928713485,Rock
59.72661239965079,-149.93860607798248,0.07214745673957891,Rock
68.20073585477527,-150.9764565138456,0.002591335712643005,Soil
59.524841048290575,-143.37220774821625,0.03723713741512687,Rock
62.263068704407125,-163.90928687180502,0.02114587214267438,Stream
64.84226542453248,-158.25688344978647,0.002863948533783674,Soil
60.090814433310115,-142.1901243821626,0.010892068145499601,Stream
68.60494915809345,-143.63366918661802,0.011728911840877479,Stream
68.47426212918955,-154.0642379331429,0.006122862407878423,Rock
58.5249521415551,-150.11681765276313,0.010636920664159834,Soil
61.9614790824934,-158.3428516084528,0.005990549935664488,Soil
59.21229633743478,-160.48509216662973,0.04183228609961643,Rock
58.987766921284546,-153.87123828144044,0.038878743068704515,Stream
55.51641726296346,-156.51954652737473,0.03143346015589156,Stream
63.533900675718556,-150.99225331557906,0.04410664877586823,Stream
62.03750632520406,-163.13436871284037,0.0034156538576793913,Stream
55.72070251749985,-141.614524616012,0.006565324406798579,Soil
58.90105049931256,-141.33094213248953,0.018154672944705998,Soil
67.71572240353315,-148.24411886352613,0.008235179695711796,Rock
58.35386646933762,-152.1336872077411,0.03342199710493503,Rock
57.02852820927713,-157.57133720912813,0.00984681886734834,Soil
61.85233864388588,-145.46891952703322,0.015228765206200007,Soil
68.79910635754841,-148.5664518587069,0.03631531249789043,Stream
58.38877380116101,-161.09719345572262,0.013212632137024153,Stream
64.4098976636823,-143.1377475721478,0.013086545187922747,Rock
65.66267461460205,-145.25910616984396,0.051923393971979745,Soil
58.32692561589359,-142.20480208099383,0.005430316504496635,Rock
65.19502888056604,-147.58273179867936,0.038624361442508505,Soil
60.14896385806954,-150.27803529754104,0.03572767466521019,Stream
63.85228162831011,-154.96216712902515,0.016105777236230093,Rock
63.869415950652524,-142.61451639950369,0.021535061190854653,Rock
62.50084557704662,-144.2144666519902,0.006980791404214769,Soil
56.26405678076171,-163.91475191745144,0.013792644952229236,Stream
66.69423493824934,-164.36719261206596,0.006348640217471781,Rock
59.4909209096043,-155.96487919492682,0.010817783719429938,Stream
57.611259145597955,-145.54672006123602,0.036813478781884054,Rock
55.570851981766694,-141.30537289644133,0.005472990925428712,Stream
63.27250120463539,-161.3899946135153,0.0033822195235452767,Soil
64.48590106579195,-150.74086283154875,0.007151324631261675,Rock
55.23222960498999,-155.85861944085548,0.018801400679569036,Rock
62.16930281618993,-141.72205445244953,0.005294696693529422,Stream
58.17094085277113,-144.789145844743,0.06453330076362991,Stream
64.0324190657323,-144.8801110869327,0.0038551265619535878,Rock
57.44113000606988,-153.75136416492072,0.06332880161578172,Soil
64.67312833343452,-155.04433194389603,0.024195017998709007,Stream
60.414294848207525,-158.43823027366304,0.012614226851714993,Stream
68.11421984231428,-163.64698808037775,0.004929049607566629,Stream
56.925293218043905,-144.2466629698787,0.01886422393357279,Rock
59.77492891470362,-145.49037578087814,0.018098360885397378,Rock
56.58862929736825,-141.00677584113288,0.024518818037665646,Rock
67.94571065589987,-141.08071591022627,0.013943029736384725,Rock
67.28275094733374,-151.66963906553696,0.025333203363045488,Soil
58.61118278801218,-146.54430203566776,0.013662729219695552,Soil
64.23977664447851,-142.32562248282173,0.015375061441897576,Rock
66.44111080281702,-144.60846262374213,0.02441990684137508,Soil
62.772811362392474,-159.06364555816324,0.0034785981259874365,Stream
62.41510809698409,-154.18694075255775,0.007266910317070677,Stream
58.38593207260632,-161.90017403636412,0.015479105293304037,Stream
56.30343874928259,-142.10277534579066,0.012528773106349552,Rock
67.56102061134658,-150.45180877317887,0.019491366494293904,Stream
67.60585280028663,-159.51257266791688,0.0122849911546177,Soil
63.86342040182575,-148.87918357425943,0.03267973488045229,Rock
59.74641707468181,-150.1649222290105,0.014081034194022127,Soil
59.888934044577255,-156.40409476721183,0.008695811583572044,Stream
65.16337950418335,-162.2746177872089,0.010963258812829028,Stream
67.55954363933608,-148.88224330577282,0.010241141009464216,Stream
67.41920993971164,-152.51261517830895,0.030088135014971013,Rock
65.91825764200674,-146.46435859834466,0.005637989329180058,Soil
63.98844304616003,-152.51607597331216,0.05415654598889788,Rock
56.17795950993068,-144.54764399235503,0.019057163668420602,Rock
57.262801997324594,-151.75423586941235,0.0212545162276917,Stream
67.57975863937911,-151.53748868315074,0.04869125290374732,Rock
63.49000683523426,-143.96031353619972,0.0714460358679682,Rock
55.12875872263282,-155.31641121090246,0.026706179314002154,Stream
56.42060160012445,-161.78363451718462,0.0017905774085083584,Rock
64.28902476751279,-164.30921576847987,0.002722922128647675,Stream
55.07086217384706,-146.87670586383314,0.007991243673226785,Stream
57.25131271984498,-150.11257076751684,0.01805461674339215,Stream
62.682273051132206,-148.10208556561864,0.03625312572710344,Stream
64.68653276769771,-159.88886012378615,0.0069871044938523575,Rock
64.12745763303641,-161.72708458591754,0.011675080617103994,Stream
58.13977033244784,-164.65092802397083,0.003638467935879708,Stream
64.9705090988655,-156.58589858864167,0.010937904987380438,Rock
58.3214872249552,-150.8419755154888,0.006291327889258298,Rock
59.55559577422975,-155.58614291760642,0.008129570863168461,Soil
65.45087967165233,-154.5006018714305,0.007119399831593583,Rock
64.094860586661,-143.30019133215004,0.008138251630657442,Rock
66.88912774691849,-156.6418687914408,0.03911136223590046,Soil
64.20658049220481,-152.66425226016455,0.011052350961820263,Rock
62.9563204466966,-146.19232769421257,0.18165056595884466,Rock
56.311446749593294,-155.4829732242895,0.01958502675316433,Rock
60.14802124283207,-150.06991919453102,0.025785659742384268,Rock
58.71283314754416,-144.30327099007812,0.008017466582121933,Soil
58.41585500730717,-142.2115050322166,0.022734402503727408,Rock
68.62214776653424,-161.4702364577031,0.005889219622784911,Rock
60.50336814533465,-142.76189699612414,0.017068300987499854,Soil
67.48865177247959,-153.1892089660911,0.1627770365172228,Stream
63.83594076396168,-158.802134680825,0.013162286891319866,Soil
66.12735824958308,-153.98074185028173,0.053451484680600014,Stream
62.036919303472686,-141.47921819314854,0.00815362332971491,Soil
63.07665438476903,-153.17716574417113,0.02229336586908495,Soil
61.895247713464094,-157.1099613530998,0.06820312295978338,Rock
57.73340182917262,-149.79837949639858,0.011202630292739827,Stream
65.11432961366107,-159.23650514932336,0.05719338593399584,Rock
58.93081307417198,-163.17928012539207,0.01360501845487303,Stream
55.340423530040354,-161.90688667414443,0.004647787954618448,Soil
64.03661214270035,-161.92689986501347,0.01629015787638761,Soil
57.479549511698686,-161.35433535570493,0.018727335819718974,Stream
68.1664201809408,-161.66814785641415,0.015308679720137925,Rock
68.35500007803623,-149.61900612472286,0.006127827810768174,Rock
67.80810146308627,-160.63487797442053,0.005915230189565519,Rock
60.18222180357622,-156.7039852002273,0.013149653725738958,Rock
55.21639263140415,-143.4770781622557,0.01040364721557796,Soil
67.99645987622816,-153.62492063369106,0.032775934911725646,Soil
60.9945780764424,-148.97861427549535,0.02660924911017107,Soil
68.53316746661137,-160.86432309116088,0.003436801340204113,Soil
68.49067967924954,-160.38506354859192,0.014313730893624964,Soil
66.94213237654304,-164.0191532096045,0.012337299637002504,Rock
59.1222844889742,-160.94555848626806,0.015269941795148652,Rock
60.39136820042695,-158.313831863233,0.032753597915066206,Rock
66.915913401236,-160.75174837735807,0.021009869561513392,Rock
59.43690807218789,-162.87113918983067,0.011693084592572726,Soil
57.372898453605295,-162.10473909358558,0.007542647821736491,Soil
62.795217674416904,-153.94130956721457,0.005792768110098548,Soil
68.10616683825093,-160.047990758261,0.015732285219264373,Stream
64.74441715344962,-156.25752333484618,0.02177921745639143,Rock
62.98085638125111,-152.91798549948345,0.0288023401648599,Rock
56.36047091279076,-148.43052411289523,0.005720396207802313,Soil
63.61010117378838,-164.05650864381363,0.0032715059493097966,Rock
68.86075390145969,-145.81415042618298,0.042388215127603796,Rock
56.96117621331133,-149.93039065221822,0.016650037162520465,Soil
62.25661513309231,-163.03778323322706,0.014739503905736107,Stream
67.28322300699138,-144.03411302143735,0.017981662489371223,Stream
65.37076064855886,-142.89906238723648,0.017260554553734958,Stream
64.75822037393375,-163.53412896348328,0.01733719510487935,Soil
64.83477717581953,-158.3549364444671,0.00984846997984274,Rock
60.03287611707657,-145.65116928496653,0.02067323751904258,Soil
59.11028581970291,-147.0417674307922,0.013421571249642493,Soil
66.33105617669919,-160.57149553544696,0.007908341220993535,Rock
66.34158752550853,-159.97561623991896,0.009369772429489135,Stream
67.13901246012145,-156.10866953300683,0.020878123855307965,Stream
67.7853677357906,-153.37144835541548,0.013955384703852552,Soil
62.15879358405313,-150.1618854832729,0.06643637652956304,Stream
62.021228125620794,-156.14607265032546,0.008888280337476007,Soil
66.17613250553485,-153.89916681280445,0.018415148492440053,Soil
64.0994950308887,-147.06069748478984,0.016420074666129776,Rock
64.82753628160785,-164.11960313062565,0.024520378201299473,Rock
66.14109737210542,-158.9415133357435,0.015901946033955238,Rock
67.46007478544593,-147.87960993877073,0.05014141193786926,Soil
59.7319321959215,-143.51503589550722,0.004858800883576661,Rock
60.25816133695922,-152.719741389224,0.026184020942551622,Stream
56.315747157772165,-152.22927635363243,0.03167032514429444,Stream
63.09592197394643,-162.42787172784537,0.009861810779737008,Soil
55.50319183315439,-154.2621031962371,0.030727392163415804,Soil
61.518372253854444,-152.21718560507944,0.01514170494616214,Rock
62.59702488590607,-159.18070791276648,0.04150636534986671,Soil
59.011577529795986,-158.53816245721487,0.07877835698730412,Soil
63.27166564796615,-155.94518008548906,0.014191381834802959,Stream
55.42700349914669,-164.51829125333455,0.004316874334154312,Stream
55.522874642489,-157.27010002600372,0.034373215972646504,Rock
66.51640784923521,-159.92524783208293,0.0424946222463978,Soil
60.04266897975768,-157.14006354773005,0.010050941575786702,Soil
56.77884717712639,-162.12570883633796,0.005522532450525659,Stream
62.31140564076726,-143.62734526224253,0.014327399443803523,Soil
65.77990974338056,-150.75378111470283,0.008277473683063986,Stream
58.0214943849558,-148.70154434053225,0.00899412530394793,Rock
63.720466661466006,-146.0598902734239,0.009902138795519334,Stream
56.194864509912755,-153.03738722570262,0.00807101200279795,Soil
55.723544096360506,-162.91391308590184,0.006713371127449925,Rock
62.438964841954075,-152.10944299635486,0.028546650166547546,Stream
62.56889170254149,-150.9158131674989,0.08445754606479185,Stream
63.92401862097489,-147.10945261957607,0.010526258144502535,Rock
65.16527867211727,-154.6401708904877,0.04595233434831591,Rock
68.66192911247549,-161.93807273290648,0.007474288595962983,Stream
62.228204876216736,-158.1893782608306,0.014332815199826404,Soil
59.521390621177446,-156.28602488643276,0.02749213284922574,Stream
66.13260672676185,-149.49798620804157,0.0098009965199122,Rock
58.79165151766904,-151.30132068794612,0.02714707157118874,Stream
61.14559988987891,-156.4536785784517,0.01959869094065653,Rock
56.098389338791726,-141.32363402896848,0.014896553160881407,Rock
55.354910407816405,-150.4614043354347,0.018213599412433643,Soil
68.47707780549095,-159.30655699833613,0.08472542667852508,Rock
66.70372168717088,-162.55722065711032,0.0053081017925158975,Rock
64.74363888531177,-161.33138065957604,0.006871199520063571,Soil
60.72534122179978,-159.0970145187718,0.007807563486766559,Rock
57.42612048099184,-161.14364704177066,0.005610701662267669,Soil
57.190118597395205,-160.52239142276866,0.005499200994902624,Soil
58.50340057430434,-158.15771595134768,0.0326189942874609,Rock
62.68917330588569,-160.8390337129259,0.034495574839580066,Rock
65.00434291780087,-143.4776298089658,0.01136308617356422,Stream
64.24276327404824,-163.0743901041206,0.0044277653627607565,Soil
58.9190745572432,-152.41172665031388,0.028544430064990554,Stream
68.36811392928472,-155.15047615224813,0.01136330041773542,Rock
65.33055683374076,-141.42291319419346,0.023918543809459222,Stream
62.76095673515961,-162.31106634796674,0.010970359971476969,Soil
63.56409044728093,-155.4514656229022,0.00589790403575322,Stream
60.87440087398906,-141.73270960139115,0.04882481189872262,Soil
58.4682338530162,-144.22782897854447,0.06543448543799157,Rock
59.98361750111766,-145.39027029721728,0.011491541079690849,Rock
65.60984554650116,-158.81033215092145,0.010242701461876674,Soil
55.20150884081658,-160.89869790263842,0.009818930186271068,Rock
56.625016967096826,-148.95256272181365,0.02153948433035526,Rock
55.644036988304535,-142.69497626093795,0.01834980097706045,Rock
55.57020323246558,-151.6376905676657,0.07274117466349245,Rock
66.9764481761541,-151.28129545272242,0.019969598860146674,Soil
64.85121003132033,-158.28050175215319,0.00792140624872757,Stream
61.63843360722255,-146.53216960339353,0.007222231469532661,Stream
56.369678249114024,-160.51095003461944,0.0048488467633996685,Rock
61.88262225163565,-157.23169832629816,0.015908108302965938,Stream
61.62860479092792,-154.789525473206,0.08417664368597842,Stream
57.42482617874021,-152.81735091157307,0.011229053897064406,Rock
61.07392308933162,-159.18216642203808,0.015430349835527931,Rock
60.57906628156323,-162.24391620625912,0.008856069478206793,Stream
63.62190137273103,-150.34511898140082,0.06455350842549062,Soil
63.891311112147015,-158.07286672223387,0.11643460593565273,Rock
55.634256136808624,-151.0502826858573,0.00969454394204886,Soil
60.2445766047706,-161.29529483341915,0.006658292791333191,Stream
63.76203881999931,-153.4526375554844,0.05243430503071624,Rock
